{"templateName":"User defined template","CardClass":"HtmlTemplate","CustomType":"SAP_CARD_TYPE_DEFAULT","UrlMatch":null,"QueryURL":null,"GroupName":null,"AppLaunchUrl":null,"QueryType":"upToDate","ActionConfiguration":{"Category":"DD679612-8B6D-492B-93AB-0AFDF8CBBAD2","BehaviorAfterAction":"DELETE","XCSRFTokenUrl":"","Actions":[]},"CustomRequestProperties":{"RequestHttpMethod":"GET","RequestBody":"","RequestHeaders":[]},"Parameters":null,"DescriptionEnglish":"Show products","NotificationMessages":{"Messages":[]},"NotificationRules":[],"Uri":"/SampleServices/ESPM.svc/Products('HT-1000')?$expand=SupplierDetails&$format=json","Shared":false,"APNSEnabled":true,"RefreshType":"upToDate","CollectionType":"useNoCollection","Connection":"SuppliersCard","AutoSubscribe":true,"HiddenSubscription":false,"useHtmlAsMapping":false}