{
  "d": {
    "__metadata": {
      "id": "https://sapes5.sapdevcenter.com/sap/opu/odata/sap/EPM_REF_APPS_PROD_MAN_SRV/Suppliers('100000000')",
      "uri": "https://sapes5.sapdevcenter.com/sap/opu/odata/sap/EPM_REF_APPS_PROD_MAN_SRV/Suppliers('100000000')",
      "type": "EPM_REF_APPS_PROD_MAN_SRV.Supplier"
    },
    "Id": "100000000",
    "Name": "SAP",
    "Phone": "0622734567",
    "Email": "do.not.reply@sap.com",
    "WebAddress": "http://www.sap.com",
    "FormattedAddress": "Dietmar-Hopp-Allee 16, 69190 Walldorf, DE",
    "FormattedContactName": "Harald Gahn",
    "ContactPhone1": "0622746358",
    "ContactPhone2": "0622734004",
    "ContactEmail": "hjg@sap.com"
  }
}