{"templateName":"User defined template","CardClass":"HtmlTemplate","CustomType":"SAP_CARD_TYPE_WELCOME_MANAGED","UrlMatch":null,"QueryURL":null,"GroupName":null,"AppLaunchUrl":null,"QueryType":"upToDate","ActionConfiguration":{"Category":"2CB010C4-C9EF-44DA-A25C-632C4769B1C3","BehaviorAfterAction":"DELETE","XCSRFTokenUrl":"","Actions":[]},"CustomRequestProperties":{"RequestHttpMethod":"GET","RequestBody":"","RequestHeaders":[]},"Parameters":null,"DescriptionEnglish":"Top PO","NotificationMessages":{"Messages":[]},"NotificationRules":[],"Uri":"/sap/opu/odata/sap/SEPMRA_PO_APV/PurchaseOrders?$format=json&sap-client=002&$top=20","Shared":false,"APNSEnabled":true,"RefreshType":"upToDate","CollectionType":"useNoCollection","Connection":"SuppliersCard","AutoSubscribe":false,"HiddenSubscription":false,"useHtmlAsMapping":true}