{"templateName":"User defined template","CardClass":"HtmlTemplate","QueryInterval":"P1D","CustomType":"SAP_CARD_TYPE_WEB_PAGE","UrlMatch":"New_App-Display&/PurchaseOrders/{$1}","QueryURL":null,"GroupName":null,"AppLaunchUrl":" ","QueryReturnsEntityCollection":true,"QueryType":"custom","ActionConfiguration":{"Category":"0A723CEC-E4CD-4D99-94FE-929B39112725","BehaviorAfterAction":"DELETE","XCSRFTokenUrl":"","Actions":[]},"CustomRequestProperties":{"RequestHttpMethod":"GET","RequestBody":"","RequestHeaders":[]},"Parameters":null,"DescriptionEnglish":"Show Purchase Order","NotificationMessages":{"Messages":[{"language":"EN","text":"New Purchase Order has been added","notificationType":"NEW"}]},"NotificationRules":[],"Uri":"/sap/opu/odata/sap/SEPMRA_PO_APV/PurchaseOrders('$1')?$expand=PurchaseOrderItems&$format=json&sap-client=002","Shared":false,"fioriRegex":"New_App-Display&/PurchaseOrders/{$1}","APNSEnabled":true,"RefreshType":"upToDate","CollectionType":"useCollection","QueryConfiguration":{"CacheQueryResult":false,"QueryEntityKeyPaths":["$.d.__metadata.uri"],"QueryURLCollectionRoot":"$.d.results"},"Connection":"SuppliersCard","AutoSubscribe":false,"HiddenSubscription":false,"useHtmlAsMapping":false}