{
  "d": {
    "__metadata": {
      "id": "https://sapes5.sapdevcenter.com/sap/opu/odata/sap/SEPMRA_PO_APV/PurchaseOrders('300000021')",
      "uri": "https://sapes5.sapdevcenter.com/sap/opu/odata/sap/SEPMRA_PO_APV/PurchaseOrders('300000021')",
      "type": "SEPMRA_PO_APV.PurchaseOrder"
    },
    "ChangedAt": "/Date(1530223200000)/",
    "ProductId": "",
    "CurrencyCode": "USD",
    "DeliveryAddress": "Zeppelinstrasse 2, 85399 Munich, DE",
    "DeliveryDateEarliest": "/Date(1530828000000)/",
    "GrossAmount": "1081.71",
    "ItemCount": 3,
    "LaterDelivDateExist": false,
    "OrderedByName": "Carol Aranda",
    "POId": "300000021",
    "SupplierName": "Robert Brown Entertainment",
    "PurchaseOrderItems": {
      "results": [
        {
          "__metadata": {
            "id": "https://sapes5.sapdevcenter.com/sap/opu/odata/sap/SEPMRA_PO_APV/PurchaseOrderItems(POId='300000021',POItemPos='10')",
            "uri": "https://sapes5.sapdevcenter.com/sap/opu/odata/sap/SEPMRA_PO_APV/PurchaseOrderItems(POId='300000021',POItemPos='10')",
            "type": "SEPMRA_PO_APV.PurchaseOrderItem"
          },
          "DeliveryDate": "/Date(1530828000000)/",
          "GrossAmount": "0.00",
          "GrossAmountCurrency": "USD",
          "POId": "300000021",
          "POItemPos": "10",
          "Price": "0.00",
          "PriceCurrency": "USD",
          "Product": "Flyer",
          "Quantity": 2,
          "QuantityUnit": "EA"
        },
        {
          "__metadata": {
            "id": "https://sapes5.sapdevcenter.com/sap/opu/odata/sap/SEPMRA_PO_APV/PurchaseOrderItems(POId='300000021',POItemPos='20')",
            "uri": "https://sapes5.sapdevcenter.com/sap/opu/odata/sap/SEPMRA_PO_APV/PurchaseOrderItems(POId='300000021',POItemPos='20')",
            "type": "SEPMRA_PO_APV.PurchaseOrderItem"
          },
          "DeliveryDate": "/Date(1530828000000)/",
          "GrossAmount": "58.31",
          "GrossAmountCurrency": "USD",
          "POId": "300000021",
          "POItemPos": "20",
          "Price": "49.00",
          "PriceCurrency": "USD",
          "Product": "Wireless DSL Router",
          "Quantity": 1,
          "QuantityUnit": "EA"
        },
        {
          "__metadata": {
            "id": "https://sapes5.sapdevcenter.com/sap/opu/odata/sap/SEPMRA_PO_APV/PurchaseOrderItems(POId='300000021',POItemPos='30')",
            "uri": "https://sapes5.sapdevcenter.com/sap/opu/odata/sap/SEPMRA_PO_APV/PurchaseOrderItems(POId='300000021',POItemPos='30')",
            "type": "SEPMRA_PO_APV.PurchaseOrderItem"
          },
          "DeliveryDate": "/Date(1530828000000)/",
          "GrossAmount": "1023.40",
          "GrossAmountCurrency": "USD",
          "POId": "300000021",
          "POItemPos": "30",
          "Price": "430.00",
          "PriceCurrency": "USD",
          "Product": "Flat Future",
          "Quantity": 2,
          "QuantityUnit": "EA"
        }
      ]
    }
  }
}