{"templateName":"User defined template","CardClass":"HtmlTemplate","QueryInterval":"P1DT0H1M","CustomType":"SAP_CARD_TYPE_AUTOMATIC_INSTANCE","UrlMatch":null,"QueryURL":"/sap/opu/odata/sap/SEPMRA_PO_APV/PurchaseOrders?sap-client=002&$format=json&$top=2","GroupName":null,"AppLaunchUrl":null,"QueryReturnsEntityCollection":true,"QueryType":"custom","ActionConfiguration":{"Category":"0A4621AA-475B-410A-A8CA-3D9AA6280637","BehaviorAfterAction":"DELETE","XCSRFTokenUrl":"","Actions":[]},"CustomRequestProperties":{"RequestHttpMethod":"GET","RequestBody":"","RequestHeaders":[]},"Parameters":null,"DescriptionEnglish":"Show Purchase Orders","NotificationMessages":{"Messages":[]},"NotificationRules":[],"APNSEnabled":true,"RefreshType":"upToDate","CollectionType":"useCollection","QueryConfiguration":{"CacheQueryResult":false,"QueryEntityKeyPaths":["$.d.__metadata.uri"],"QueryURLCollectionRoot":"$.d.results"},"Connection":"SuppliersCard","AutoSubscribe":false,"HiddenSubscription":false,"useHtmlAsMapping":false}