{
    "d": {
        "__metadata": {
            "id": "https://sapes5.sapdevcenter.com/sap/opu/odata/sap/SEPMRA_PO_APV/PurchaseOrders('300000020')",
            "uri": "https://sapes5.sapdevcenter.com/sap/opu/odata/sap/SEPMRA_PO_APV/PurchaseOrders('300000020')",
            "type": "SEPMRA_PO_APV.PurchaseOrder"
        },
        "ChangedAt": "/Date(1530136800000)/",
        "ProductId": "",
        "CurrencyCode": "USD",
        "DeliveryAddress": "Zeppelinstrasse 2, 85399 Munich, DE",
        "DeliveryDateEarliest": "/Date(1530741600000)/",
        "GrossAmount": "521.22",
        "ItemCount": 9,
        "LaterDelivDateExist": true,
        "OrderedByName": "James Smith",
        "POId": "300000020",
        "SupplierName": "Japan Insurance Partner",
        "PurchaseOrderItems": {
            "__deferred": {
                "uri": "https://sapes5.sapdevcenter.com/sap/opu/odata/sap/SEPMRA_PO_APV/PurchaseOrders('300000020')/PurchaseOrderItems"
            }
        }
    }
}