{"templateName":"User defined template","CardClass":"HtmlTemplate","CustomType":"SAP_CARD_TYPE_WELCOME_MANAGED","UrlMatch":null,"QueryURL":null,"GroupName":null,"AppLaunchUrl":null,"QueryType":"upToDate","ActionConfiguration":{"Category":"231C5E7E-7129-4BD2-B71B-F48A623F5F65","BehaviorAfterAction":"DELETE","XCSRFTokenUrl":"","Actions":[]},"CustomRequestProperties":{"RequestHttpMethod":"GET","RequestBody":"","RequestHeaders":[]},"Parameters":null,"DescriptionEnglish":"My PayCheck","NotificationMessages":{"Messages":[]},"NotificationRules":[],"Uri":"/odata/v2/EmployeePayrollRunResults?$format=json&$filter=userId%20eq%20'802982'&$expand=employeePayrollRunResultsItems,userIdNav/empInfo/paymentInformationNav/toPaymentInformationDetailV3/bankNav&$top=1&$orderby=payDate%20desc","Shared":false,"APNSEnabled":true,"RefreshType":"upToDate","CollectionType":"useNoCollection","Connection":"SuccessFactors","AutoSubscribe":false,"HiddenSubscription":false,"useHtmlAsMapping":true}