{
  "d": {
    "results": [
      {
        "__metadata": {
          "uri": "https://apisalesdemo8.successfactors.com:443/odata/v2/EmployeePayrollRunResults(externalCode='SAP_EC_PAYROLL_3000_1216201612312016_77_77',mdfSystemEffectiveStartDate=datetime'2016-12-31T00:00:00')",
          "type": "SFOData.EmployeePayrollRunResults"
        },
        "mdfSystemEffectiveStartDate": "/Date(1483142400000)/",
        "externalCode": "SAP_EC_PAYROLL_3000_1216201612312016_77_77",
        "payrollRunType": "REGULAR",
        "mdfSystemEffectiveEndDate": "/Date(253402214400000)/",
        "mdfSystemObjectType": "EmployeePayrollRunResults",
        "payrollId": null,
        "mdfSystemVersionId": null,
        "employmentId": "77",
        "lastModifiedDateTime": "/Date(1484754314000+0000)/",
        "sequenceNumber": "00076",
        "mdfSystemTransactionSequence": "1",
        "currency": "USD",
        "payrollProviderPayrollRunType": "R",
        "payrollProviderId": "SAP_EC_PAYROLL",
        "isVoid": false,
        "mdfSystemRecordId": "E022D25FD6224077829C473748EA9FF4",
        "mdfSystemEntityId": "E80FA679858C4D529F2F12A5EF273080",
        "userId": "802982",
        "personId": "77",
        "mdfSystemStatus": "A",
        "payDate": "/Date(1483142400000)/",
        "systemId": "X0B",
        "lastModifiedDateWithTZ": "/Date(1484754314000+0000)/",
        "createdDate": "/Date(1484736314000)/",
        "mdfSystemRecordStatus": "N",
        "startDateWhenPaid": "/Date(1481846400000)/",
        "externalName": null,
        "endDateWhenPaid": "/Date(1483142400000)/",
        "clientId": "630",
        "createdBy": "sfadmin",
        "createdDateTime": "/Date(1484754314000+0000)/",
        "lastModifiedBy": "sfadmin",
        "lastModifiedDate": "/Date(1484736314000)/",
        "companyId": "3000",
        "payrollRunTypeNav": {
          "__deferred": {
            "uri": "https://apisalesdemo8.successfactors.com:443/odata/v2/EmployeePayrollRunResults(externalCode='SAP_EC_PAYROLL_3000_1216201612312016_77_77',mdfSystemEffectiveStartDate=datetime'2016-12-31T00:00:00')/payrollRunTypeNav"
          }
        },
        "employeePayrollRunResultsItems": {
          "results": [
            {
              "__metadata": {
                "uri": "https://apisalesdemo8.successfactors.com:443/odata/v2/EmployeePayrollRunResultsItems(EmployeePayrollRunResults_externalCode='SAP_EC_PAYROLL_3000_1216201612312016_77_77',EmployeePayrollRunResults_mdfSystemEffectiveStartDate=datetime'2016-12-31T00:00:00',externalCode='77_/101_1216201612312016')",
                "type": "SFOData.EmployeePayrollRunResultsItems"
              },
              "EmployeePayrollRunResults_mdfSystemEffectiveStartDate": "/Date(1483142400000)/",
              "EmployeePayrollRunResults_externalCode": "SAP_EC_PAYROLL_3000_1216201612312016_77_77",
              "externalCode": "77_/101_1216201612312016",
              "payrollProviderWageType": "/101",
              "payrollProviderGroupingValue": null,
              "mdfSystemEffectiveEndDate": "/Date(253402214400000)/",
              "mdfSystemObjectType": "EmployeePayrollRunResultsItems",
              "mdfSystemVersionId": null,
              "payrollProviderUnitOfMeasurement": null,
              "lastModifiedDateTime": "/Date(1484754314000+0000)/",
              "mdfSystemTransactionSequence": "1",
              "amount": "4056.41",
              "mdfSystemRecordId": "BA57B4BF7148462DA7E4215C6F703430",
              "mdfSystemEntityId": "58DE532B827C488C823C2D601186094F",
              "mdfSystemStatus": "A",
              "quantity": "0.00",
              "lastModifiedDateWithTZ": "/Date(1484754314000+0000)/",
              "createdDate": "/Date(1484736314000)/",
              "mdfSystemRecordStatus": "N",
              "wageType": "GROSS",
              "unitOfMeasurement": null,
              "externalName": null,
              "payrollProviderGroupingReason": null,
              "createdBy": "sfadmin",
              "groupingReason": null,
              "lastModifiedBy": "sfadmin",
              "createdDateTime": "/Date(1484754314000+0000)/",
              "startDateWhenEarned": "/Date(1481846400000)/",
              "lastModifiedDate": "/Date(1484736314000)/",
              "mdfSystemEffectiveStartDate": "/Date(-2208988800000)/",
              "endDateWhenEarned": "/Date(1483142400000)/",
              "groupingReasonNav": {
                "__deferred": {
                  "uri": "https://apisalesdemo8.successfactors.com:443/odata/v2/EmployeePayrollRunResultsItems(EmployeePayrollRunResults_externalCode='SAP_EC_PAYROLL_3000_1216201612312016_77_77',EmployeePayrollRunResults_mdfSystemEffectiveStartDate=datetime'2016-12-31T00:00:00',externalCode='77_/101_1216201612312016')/groupingReasonNav"
                }
              },
              "wageTypeNav": {
                "__deferred": {
                  "uri": "https://apisalesdemo8.successfactors.com:443/odata/v2/EmployeePayrollRunResultsItems(EmployeePayrollRunResults_externalCode='SAP_EC_PAYROLL_3000_1216201612312016_77_77',EmployeePayrollRunResults_mdfSystemEffectiveStartDate=datetime'2016-12-31T00:00:00',externalCode='77_/101_1216201612312016')/wageTypeNav"
                }
              },
              "mdfSystemRecordStatusNav": {
                "__deferred": {
                  "uri": "https://apisalesdemo8.successfactors.com:443/odata/v2/EmployeePayrollRunResultsItems(EmployeePayrollRunResults_externalCode='SAP_EC_PAYROLL_3000_1216201612312016_77_77',EmployeePayrollRunResults_mdfSystemEffectiveStartDate=datetime'2016-12-31T00:00:00',externalCode='77_/101_1216201612312016')/mdfSystemRecordStatusNav"
                }
              },
              "mdfSystemStatusNav": {
                "__deferred": {
                  "uri": "https://apisalesdemo8.successfactors.com:443/odata/v2/EmployeePayrollRunResultsItems(EmployeePayrollRunResults_externalCode='SAP_EC_PAYROLL_3000_1216201612312016_77_77',EmployeePayrollRunResults_mdfSystemEffectiveStartDate=datetime'2016-12-31T00:00:00',externalCode='77_/101_1216201612312016')/mdfSystemStatusNav"
                }
              }
            },
            {
              "__metadata": {
                "uri": "https://apisalesdemo8.successfactors.com:443/odata/v2/EmployeePayrollRunResultsItems(EmployeePayrollRunResults_externalCode='SAP_EC_PAYROLL_3000_1216201612312016_77_77',EmployeePayrollRunResults_mdfSystemEffectiveStartDate=datetime'2016-12-31T00:00:00',externalCode='77_/560_1216201612312016')",
                "type": "SFOData.EmployeePayrollRunResultsItems"
              },
              "EmployeePayrollRunResults_mdfSystemEffectiveStartDate": "/Date(1483142400000)/",
              "EmployeePayrollRunResults_externalCode": "SAP_EC_PAYROLL_3000_1216201612312016_77_77",
              "externalCode": "77_/560_1216201612312016",
              "payrollProviderWageType": "/560",
              "payrollProviderGroupingValue": null,
              "mdfSystemEffectiveEndDate": "/Date(253402214400000)/",
              "mdfSystemObjectType": "EmployeePayrollRunResultsItems",
              "mdfSystemVersionId": null,
              "payrollProviderUnitOfMeasurement": null,
              "lastModifiedDateTime": "/Date(1484754314000+0000)/",
              "mdfSystemTransactionSequence": "1",
              "amount": "2724.54",
              "mdfSystemRecordId": "1B310FDBF57343CFA08A0BACDC6FA8B8",
              "mdfSystemEntityId": "4F59D25E8775463CBD46832B287188A3",
              "mdfSystemStatus": "A",
              "quantity": "0.00",
              "lastModifiedDateWithTZ": "/Date(1484754314000+0000)/",
              "createdDate": "/Date(1484736314000)/",
              "mdfSystemRecordStatus": "N",
              "wageType": "NETPAY",
              "unitOfMeasurement": null,
              "externalName": null,
              "payrollProviderGroupingReason": null,
              "createdBy": "sfadmin",
              "groupingReason": null,
              "lastModifiedBy": "sfadmin",
              "createdDateTime": "/Date(1484754314000+0000)/",
              "startDateWhenEarned": "/Date(1481846400000)/",
              "lastModifiedDate": "/Date(1484736314000)/",
              "mdfSystemEffectiveStartDate": "/Date(-2208988800000)/",
              "endDateWhenEarned": "/Date(1483142400000)/",
              "groupingReasonNav": {
                "__deferred": {
                  "uri": "https://apisalesdemo8.successfactors.com:443/odata/v2/EmployeePayrollRunResultsItems(EmployeePayrollRunResults_externalCode='SAP_EC_PAYROLL_3000_1216201612312016_77_77',EmployeePayrollRunResults_mdfSystemEffectiveStartDate=datetime'2016-12-31T00:00:00',externalCode='77_/560_1216201612312016')/groupingReasonNav"
                }
              },
              "wageTypeNav": {
                "__deferred": {
                  "uri": "https://apisalesdemo8.successfactors.com:443/odata/v2/EmployeePayrollRunResultsItems(EmployeePayrollRunResults_externalCode='SAP_EC_PAYROLL_3000_1216201612312016_77_77',EmployeePayrollRunResults_mdfSystemEffectiveStartDate=datetime'2016-12-31T00:00:00',externalCode='77_/560_1216201612312016')/wageTypeNav"
                }
              },
              "mdfSystemRecordStatusNav": {
                "__deferred": {
                  "uri": "https://apisalesdemo8.successfactors.com:443/odata/v2/EmployeePayrollRunResultsItems(EmployeePayrollRunResults_externalCode='SAP_EC_PAYROLL_3000_1216201612312016_77_77',EmployeePayrollRunResults_mdfSystemEffectiveStartDate=datetime'2016-12-31T00:00:00',externalCode='77_/560_1216201612312016')/mdfSystemRecordStatusNav"
                }
              },
              "mdfSystemStatusNav": {
                "__deferred": {
                  "uri": "https://apisalesdemo8.successfactors.com:443/odata/v2/EmployeePayrollRunResultsItems(EmployeePayrollRunResults_externalCode='SAP_EC_PAYROLL_3000_1216201612312016_77_77',EmployeePayrollRunResults_mdfSystemEffectiveStartDate=datetime'2016-12-31T00:00:00',externalCode='77_/560_1216201612312016')/mdfSystemStatusNav"
                }
              }
            },
            {
              "__metadata": {
                "uri": "https://apisalesdemo8.successfactors.com:443/odata/v2/EmployeePayrollRunResultsItems(EmployeePayrollRunResults_externalCode='SAP_EC_PAYROLL_3000_1216201612312016_77_77',EmployeePayrollRunResults_mdfSystemEffectiveStartDate=datetime'2016-12-31T00:00:00',externalCode='77_/5U0_1216201612312016')",
                "type": "SFOData.EmployeePayrollRunResultsItems"
              },
              "EmployeePayrollRunResults_mdfSystemEffectiveStartDate": "/Date(1483142400000)/",
              "EmployeePayrollRunResults_externalCode": "SAP_EC_PAYROLL_3000_1216201612312016_77_77",
              "externalCode": "77_/5U0_1216201612312016",
              "payrollProviderWageType": "/5U0",
              "payrollProviderGroupingValue": null,
              "mdfSystemEffectiveEndDate": "/Date(253402214400000)/",
              "mdfSystemObjectType": "EmployeePayrollRunResultsItems",
              "mdfSystemVersionId": null,
              "payrollProviderUnitOfMeasurement": null,
              "lastModifiedDateTime": "/Date(1484754314000+0000)/",
              "mdfSystemTransactionSequence": "1",
              "amount": "1214.68",
              "mdfSystemRecordId": "6F9FFC982D12488580FDE3F1F96AB603",
              "mdfSystemEntityId": "C7A72E4F439D4D2C9BD470951BE31E04",
              "mdfSystemStatus": "A",
              "quantity": "0.00",
              "lastModifiedDateWithTZ": "/Date(1484754314000+0000)/",
              "createdDate": "/Date(1484736314000)/",
              "mdfSystemRecordStatus": "N",
              "wageType": "TAXES",
              "unitOfMeasurement": null,
              "externalName": null,
              "payrollProviderGroupingReason": null,
              "createdBy": "sfadmin",
              "groupingReason": null,
              "lastModifiedBy": "sfadmin",
              "createdDateTime": "/Date(1484754314000+0000)/",
              "startDateWhenEarned": "/Date(1481846400000)/",
              "lastModifiedDate": "/Date(1484736314000)/",
              "mdfSystemEffectiveStartDate": "/Date(-2208988800000)/",
              "endDateWhenEarned": "/Date(1483142400000)/",
              "groupingReasonNav": {
                "__deferred": {
                  "uri": "https://apisalesdemo8.successfactors.com:443/odata/v2/EmployeePayrollRunResultsItems(EmployeePayrollRunResults_externalCode='SAP_EC_PAYROLL_3000_1216201612312016_77_77',EmployeePayrollRunResults_mdfSystemEffectiveStartDate=datetime'2016-12-31T00:00:00',externalCode='77_/5U0_1216201612312016')/groupingReasonNav"
                }
              },
              "wageTypeNav": {
                "__deferred": {
                  "uri": "https://apisalesdemo8.successfactors.com:443/odata/v2/EmployeePayrollRunResultsItems(EmployeePayrollRunResults_externalCode='SAP_EC_PAYROLL_3000_1216201612312016_77_77',EmployeePayrollRunResults_mdfSystemEffectiveStartDate=datetime'2016-12-31T00:00:00',externalCode='77_/5U0_1216201612312016')/wageTypeNav"
                }
              },
              "mdfSystemRecordStatusNav": {
                "__deferred": {
                  "uri": "https://apisalesdemo8.successfactors.com:443/odata/v2/EmployeePayrollRunResultsItems(EmployeePayrollRunResults_externalCode='SAP_EC_PAYROLL_3000_1216201612312016_77_77',EmployeePayrollRunResults_mdfSystemEffectiveStartDate=datetime'2016-12-31T00:00:00',externalCode='77_/5U0_1216201612312016')/mdfSystemRecordStatusNav"
                }
              },
              "mdfSystemStatusNav": {
                "__deferred": {
                  "uri": "https://apisalesdemo8.successfactors.com:443/odata/v2/EmployeePayrollRunResultsItems(EmployeePayrollRunResults_externalCode='SAP_EC_PAYROLL_3000_1216201612312016_77_77',EmployeePayrollRunResults_mdfSystemEffectiveStartDate=datetime'2016-12-31T00:00:00',externalCode='77_/5U0_1216201612312016')/mdfSystemStatusNav"
                }
              }
            },
            {
              "__metadata": {
                "uri": "https://apisalesdemo8.successfactors.com:443/odata/v2/EmployeePayrollRunResultsItems(EmployeePayrollRunResults_externalCode='SAP_EC_PAYROLL_3000_1216201612312016_77_77',EmployeePayrollRunResults_mdfSystemEffectiveStartDate=datetime'2016-12-31T00:00:00',externalCode='77_2030_1216201612312016')",
                "type": "SFOData.EmployeePayrollRunResultsItems"
              },
              "EmployeePayrollRunResults_mdfSystemEffectiveStartDate": "/Date(1483142400000)/",
              "EmployeePayrollRunResults_externalCode": "SAP_EC_PAYROLL_3000_1216201612312016_77_77",
              "externalCode": "77_2030_1216201612312016",
              "payrollProviderWageType": "2030",
              "payrollProviderGroupingValue": null,
              "mdfSystemEffectiveEndDate": "/Date(253402214400000)/",
              "mdfSystemObjectType": "EmployeePayrollRunResultsItems",
              "mdfSystemVersionId": null,
              "payrollProviderUnitOfMeasurement": null,
              "lastModifiedDateTime": "/Date(1484754314000+0000)/",
              "mdfSystemTransactionSequence": "1",
              "amount": "-117.19",
              "mdfSystemRecordId": "21312C65CAD1483EB4F02F3DFF9F1FBB",
              "mdfSystemEntityId": "147DCEF0B4A14AA78C1454867700B273",
              "mdfSystemStatus": "A",
              "quantity": "0.00",
              "lastModifiedDateWithTZ": "/Date(1484754314000+0000)/",
              "createdDate": "/Date(1484736314000)/",
              "mdfSystemRecordStatus": "N",
              "wageType": null,
              "unitOfMeasurement": null,
              "externalName": null,
              "payrollProviderGroupingReason": null,
              "createdBy": "sfadmin",
              "groupingReason": null,
              "lastModifiedBy": "sfadmin",
              "createdDateTime": "/Date(1484754314000+0000)/",
              "startDateWhenEarned": "/Date(1481846400000)/",
              "lastModifiedDate": "/Date(1484736314000)/",
              "mdfSystemEffectiveStartDate": "/Date(-2208988800000)/",
              "endDateWhenEarned": "/Date(1483142400000)/",
              "groupingReasonNav": {
                "__deferred": {
                  "uri": "https://apisalesdemo8.successfactors.com:443/odata/v2/EmployeePayrollRunResultsItems(EmployeePayrollRunResults_externalCode='SAP_EC_PAYROLL_3000_1216201612312016_77_77',EmployeePayrollRunResults_mdfSystemEffectiveStartDate=datetime'2016-12-31T00:00:00',externalCode='77_2030_1216201612312016')/groupingReasonNav"
                }
              },
              "wageTypeNav": {
                "__deferred": {
                  "uri": "https://apisalesdemo8.successfactors.com:443/odata/v2/EmployeePayrollRunResultsItems(EmployeePayrollRunResults_externalCode='SAP_EC_PAYROLL_3000_1216201612312016_77_77',EmployeePayrollRunResults_mdfSystemEffectiveStartDate=datetime'2016-12-31T00:00:00',externalCode='77_2030_1216201612312016')/wageTypeNav"
                }
              },
              "mdfSystemRecordStatusNav": {
                "__deferred": {
                  "uri": "https://apisalesdemo8.successfactors.com:443/odata/v2/EmployeePayrollRunResultsItems(EmployeePayrollRunResults_externalCode='SAP_EC_PAYROLL_3000_1216201612312016_77_77',EmployeePayrollRunResults_mdfSystemEffectiveStartDate=datetime'2016-12-31T00:00:00',externalCode='77_2030_1216201612312016')/mdfSystemRecordStatusNav"
                }
              },
              "mdfSystemStatusNav": {
                "__deferred": {
                  "uri": "https://apisalesdemo8.successfactors.com:443/odata/v2/EmployeePayrollRunResultsItems(EmployeePayrollRunResults_externalCode='SAP_EC_PAYROLL_3000_1216201612312016_77_77',EmployeePayrollRunResults_mdfSystemEffectiveStartDate=datetime'2016-12-31T00:00:00',externalCode='77_2030_1216201612312016')/mdfSystemStatusNav"
                }
              }
            },
            {
              "__metadata": {
                "uri": "https://apisalesdemo8.successfactors.com:443/odata/v2/EmployeePayrollRunResultsItems(EmployeePayrollRunResults_externalCode='SAP_EC_PAYROLL_3000_1216201612312016_77_77',EmployeePayrollRunResults_mdfSystemEffectiveStartDate=datetime'2016-12-31T00:00:00',externalCode='77_1002_1216201612312016')",
                "type": "SFOData.EmployeePayrollRunResultsItems"
              },
              "EmployeePayrollRunResults_mdfSystemEffectiveStartDate": "/Date(1483142400000)/",
              "EmployeePayrollRunResults_externalCode": "SAP_EC_PAYROLL_3000_1216201612312016_77_77",
              "externalCode": "77_1002_1216201612312016",
              "payrollProviderWageType": "1002",
              "payrollProviderGroupingValue": null,
              "mdfSystemEffectiveEndDate": "/Date(253402214400000)/",
              "mdfSystemObjectType": "EmployeePayrollRunResultsItems",
              "mdfSystemVersionId": null,
              "payrollProviderUnitOfMeasurement": null,
              "lastModifiedDateTime": "/Date(1484754314000+0000)/",
              "mdfSystemTransactionSequence": "1",
              "amount": "3906.41",
              "mdfSystemRecordId": "CDFF74DCA10240A7A34DCD02F6FD20A9",
              "mdfSystemEntityId": "89647203315A4CD5B4C3D78F537E5B49",
              "mdfSystemStatus": "A",
              "quantity": "88.00",
              "lastModifiedDateWithTZ": "/Date(1484754314000+0000)/",
              "createdDate": "/Date(1484736314000)/",
              "mdfSystemRecordStatus": "N",
              "wageType": "SALARY",
              "unitOfMeasurement": null,
              "externalName": null,
              "payrollProviderGroupingReason": null,
              "createdBy": "sfadmin",
              "groupingReason": null,
              "lastModifiedBy": "sfadmin",
              "createdDateTime": "/Date(1484754314000+0000)/",
              "startDateWhenEarned": "/Date(1481846400000)/",
              "lastModifiedDate": "/Date(1484736314000)/",
              "mdfSystemEffectiveStartDate": "/Date(-2208988800000)/",
              "endDateWhenEarned": "/Date(1483142400000)/",
              "groupingReasonNav": {
                "__deferred": {
                  "uri": "https://apisalesdemo8.successfactors.com:443/odata/v2/EmployeePayrollRunResultsItems(EmployeePayrollRunResults_externalCode='SAP_EC_PAYROLL_3000_1216201612312016_77_77',EmployeePayrollRunResults_mdfSystemEffectiveStartDate=datetime'2016-12-31T00:00:00',externalCode='77_1002_1216201612312016')/groupingReasonNav"
                }
              },
              "wageTypeNav": {
                "__deferred": {
                  "uri": "https://apisalesdemo8.successfactors.com:443/odata/v2/EmployeePayrollRunResultsItems(EmployeePayrollRunResults_externalCode='SAP_EC_PAYROLL_3000_1216201612312016_77_77',EmployeePayrollRunResults_mdfSystemEffectiveStartDate=datetime'2016-12-31T00:00:00',externalCode='77_1002_1216201612312016')/wageTypeNav"
                }
              },
              "mdfSystemRecordStatusNav": {
                "__deferred": {
                  "uri": "https://apisalesdemo8.successfactors.com:443/odata/v2/EmployeePayrollRunResultsItems(EmployeePayrollRunResults_externalCode='SAP_EC_PAYROLL_3000_1216201612312016_77_77',EmployeePayrollRunResults_mdfSystemEffectiveStartDate=datetime'2016-12-31T00:00:00',externalCode='77_1002_1216201612312016')/mdfSystemRecordStatusNav"
                }
              },
              "mdfSystemStatusNav": {
                "__deferred": {
                  "uri": "https://apisalesdemo8.successfactors.com:443/odata/v2/EmployeePayrollRunResultsItems(EmployeePayrollRunResults_externalCode='SAP_EC_PAYROLL_3000_1216201612312016_77_77',EmployeePayrollRunResults_mdfSystemEffectiveStartDate=datetime'2016-12-31T00:00:00',externalCode='77_1002_1216201612312016')/mdfSystemStatusNav"
                }
              }
            }
          ]
        },
        "currencyNav": {
          "__deferred": {
            "uri": "https://apisalesdemo8.successfactors.com:443/odata/v2/EmployeePayrollRunResults(externalCode='SAP_EC_PAYROLL_3000_1216201612312016_77_77',mdfSystemEffectiveStartDate=datetime'2016-12-31T00:00:00')/currencyNav"
          }
        },
        "wfRequestNav": {
          "__deferred": {
            "uri": "https://apisalesdemo8.successfactors.com:443/odata/v2/EmployeePayrollRunResults(externalCode='SAP_EC_PAYROLL_3000_1216201612312016_77_77',mdfSystemEffectiveStartDate=datetime'2016-12-31T00:00:00')/wfRequestNav"
          }
        },
        "companyIdNav": {
          "__deferred": {
            "uri": "https://apisalesdemo8.successfactors.com:443/odata/v2/EmployeePayrollRunResults(externalCode='SAP_EC_PAYROLL_3000_1216201612312016_77_77',mdfSystemEffectiveStartDate=datetime'2016-12-31T00:00:00')/companyIdNav"
          }
        },
        "mdfSystemRecordStatusNav": {
          "__deferred": {
            "uri": "https://apisalesdemo8.successfactors.com:443/odata/v2/EmployeePayrollRunResults(externalCode='SAP_EC_PAYROLL_3000_1216201612312016_77_77',mdfSystemEffectiveStartDate=datetime'2016-12-31T00:00:00')/mdfSystemRecordStatusNav"
          }
        },
        "userIdNav": {
          "__metadata": {
            "uri": "https://apisalesdemo8.successfactors.com:443/odata/v2/User('802982')",
            "type": "SFOData.User"
          },
          "userId": "802982",
          "businessPhone": "(1) 732 273-3543",
          "salaryProrating": null,
          "empId": "802982",
          "lastModifiedDateTime": "/Date(1501522889000+0000)/",
          "finalJobRole": null,
          "username": "jbaker",
          "married": false,
          "futureLeader": true,
          "salary": "84384.0",
          "jobRole": null,
          "nickname": null,
          "salaryLocal": null,
          "compensationEligible": null,
          "addressLine3": null,
          "addressLine2": null,
          "addressLine1": "2233 Elm Street",
          "jobCode": "Management & Planning (50070999)",
          "totalTeamSize": "4",
          "dateOfBirth": "/Date(422323200000)/",
          "newToPosition": false,
          "impactOfLossComments": null,
          "stockBudgetStockAmount": null,
          "division": "Manufacturing (MANU)",
          "salaryBudgetPromotionPercentage": null,
          "veteranSeparated": false,
          "veteranProtected": false,
          "jobTitle": "Program Management Office",
          "lastModified": "/Date(1501508489000)/",
          "bonusBudgetAmount": null,
          "custom02": null,
          "custom01": "5/21/2015",
          "custom04": null,
          "custom03": null,
          "custom06": null,
          "custom05": "BestRun USA (3000)",
          "custom08": null,
          "ssn": "************",
          "custom07": null,
          "custom09": null,
          "reviewFreq": null,
          "riskOfLoss": "5326",
          "localCurrencyCode": "USD",
          "stockBudgetOptionAmount": null,
          "payGrade": "GR-08",
          "gender": "F",
          "lastName": "Baker",
          "fax": null,
          "compensationStockEligible": null,
          "hireDate": "/Date(1262304000000)/",
          "salaryBudgetFinalSalaryPercentage": null,
          "country": "United States",
          "email": "Jada.Baker@Bestrun.com",
          "criticalTalentComments": null,
          "compensationSalaryRateType": "ANNUAL",
          "defaultLocale": "en_US",
          "minority": true,
          "department": "Production US (50150011)",
          "seatingChart": null,
          "salaryBudgetTotalRaisePercentage": null,
          "performance": "0.0",
          "finalJobFamily": null,
          "origHireDate": null,
          "sysCostOfSource": null,
          "custom15": null,
          "custom14": null,
          "custom13": null,
          "stockBudgetOther3Amount": null,
          "custom12": null,
          "custom11": null,
          "matrixManaged": false,
          "custom10": null,
          "reloWilling": null,
          "nationality": null,
          "matrix2Label": "Stretch",
          "compensationSalaryEligible": null,
          "city": "Newark",
          "salaryBudgetExtraPercentage": null,
          "bonusTarget": "10.0",
          "jobLevel": "Management & Planning",
          "sciLastModified": "/Date(1494817285000+0000)/",
          "dateOfPosition": null,
          "lastModifiedWithTZ": "/Date(1501522889000+0000)/",
          "reloComments": null,
          "keyPosition": false,
          "finalJobCode": null,
          "defaultFullName": "Jada Baker",
          "veteranDisabled": false,
          "benchStrength": null,
          "title": "Program Management Office",
          "businessSegment": null,
          "employeeClass": "Active",
          "lastReviewDate": null,
          "mi": null,
          "veteranMedal": false,
          "meritTarget": null,
          "salutation": "30085",
          "ethnicity": null,
          "serviceDate": null,
          "location": "New York (0300-0013)",
          "cellPhone": null,
          "competency": "0.0",
          "homePhone": null,
          "level": null,
          "zipCode": "08906",
          "salaryBudgetExtra2Percentage": null,
          "reasonForLeaving": "11374",
          "objective": "0.0",
          "status": "t",
          "stockBudgetOther2Amount": null,
          "compensationBonusEligible": null,
          "jobFamily": null,
          "reloLocation": null,
          "dateOfCurrentPosition": "/Date(1265328000000)/",
          "issueComments": null,
          "stockBudgetOther1Amount": null,
          "sysSource": null,
          "salaryBudgetLumpsumPercentage": null,
          "raiseProrating": null,
          "state": "New Jersey",
          "timeZone": "America/New_York",
          "citizenship": null,
          "onboardingId": null,
          "compensationReadOnly": null,
          "salaryBudgetMeritPercentage": null,
          "meritEffectiveDate": null,
          "firstName": "Jada",
          "promotionAmount": null,
          "impactOfLoss": "16736",
          "lumpsum2Target": null,
          "potential": "0.0",
          "lumpsumTarget": null,
          "matrix1Label": "Star",
          "suffix": null,
          "sysStartingSalary": null,
          "stockBudgetUnitAmount": null,
          "compensationSalaryRateUnits": "1",
          "processorIdOfOnboardingCandidateInfoNav": {
            "__deferred": {
              "uri": "https://apisalesdemo8.successfactors.com:443/odata/v2/User('802982')/processorIdOfOnboardingCandidateInfoNav"
            }
          },
          "userSysIdCopyOfItDeclarationNav": {
            "__deferred": {
              "uri": "https://apisalesdemo8.successfactors.com:443/odata/v2/User('802982')/userSysIdCopyOfItDeclarationNav"
            }
          },
          "usersSysIdOfEmployeeDataReplicationNotificationNav": {
            "__deferred": {
              "uri": "https://apisalesdemo8.successfactors.com:443/odata/v2/User('802982')/usersSysIdOfEmployeeDataReplicationNotificationNav"
            }
          },
          "userIdOfHRISChangeLogDataReplicationNav": {
            "__deferred": {
              "uri": "https://apisalesdemo8.successfactors.com:443/odata/v2/User('802982')/userIdOfHRISChangeLogDataReplicationNav"
            }
          },
          "competencyRatingNav": {
            "__deferred": {
              "uri": "https://apisalesdemo8.successfactors.com:443/odata/v2/User('802982')/competencyRatingNav"
            }
          },
          "userSysIdOfOneTimeDeductionNav": {
            "__deferred": {
              "uri": "https://apisalesdemo8.successfactors.com:443/odata/v2/User('802982')/userSysIdOfOneTimeDeductionNav"
            }
          },
          "codeOfRightToReturnNav": {
            "__deferred": {
              "uri": "https://apisalesdemo8.successfactors.com:443/odata/v2/User('802982')/codeOfRightToReturnNav"
            }
          },
          "userIdOfTimeCollectorNav": {
            "__deferred": {
              "uri": "https://apisalesdemo8.successfactors.com:443/odata/v2/User('802982')/userIdOfTimeCollectorNav"
            }
          },
          "userIdOfEmployeeTimeGroupNav": {
            "__deferred": {
              "uri": "https://apisalesdemo8.successfactors.com:443/odata/v2/User('802982')/userIdOfEmployeeTimeGroupNav"
            }
          },
          "subjectUserIdOfActivityNav": {
            "__deferred": {
              "uri": "https://apisalesdemo8.successfactors.com:443/odata/v2/User('802982')/subjectUserIdOfActivityNav"
            }
          },
          "subjectUserIdOfAchievementNav": {
            "__deferred": {
              "uri": "https://apisalesdemo8.successfactors.com:443/odata/v2/User('802982')/subjectUserIdOfAchievementNav"
            }
          },
          "proxy": {
            "__deferred": {
              "uri": "https://apisalesdemo8.successfactors.com:443/odata/v2/User('802982')/proxy"
            }
          },
          "cust_attendGrievanceCommOfcust_grievancesNav": {
            "__deferred": {
              "uri": "https://apisalesdemo8.successfactors.com:443/odata/v2/User('802982')/cust_attendGrievanceCommOfcust_grievancesNav"
            }
          },
          "userSysIdOfRecurringDeductionNav": {
            "__deferred": {
              "uri": "https://apisalesdemo8.successfactors.com:443/odata/v2/User('802982')/userSysIdOfRecurringDeductionNav"
            }
          },
          "participantUserId5OfOnboardingMeetingEventNav": {
            "__deferred": {
              "uri": "https://apisalesdemo8.successfactors.com:443/odata/v2/User('802982')/participantUserId5OfOnboardingMeetingEventNav"
            }
          },
          "matrixReports": {
            "__deferred": {
              "uri": "https://apisalesdemo8.successfactors.com:443/odata/v2/User('802982')/matrixReports"
            }
          },
          "subjectUserIdOfSupporterFeedbackNav": {
            "__deferred": {
              "uri": "https://apisalesdemo8.successfactors.com:443/odata/v2/User('802982')/subjectUserIdOfSupporterFeedbackNav"
            }
          },
          "usersSysIdOfEmployeeDataReplicationElementNav": {
            "__deferred": {
              "uri": "https://apisalesdemo8.successfactors.com:443/odata/v2/User('802982')/usersSysIdOfEmployeeDataReplicationElementNav"
            }
          },
          "cust_unionRepOfcust_ProgressiveDisciplinaryActionNav": {
            "__deferred": {
              "uri": "https://apisalesdemo8.successfactors.com:443/odata/v2/User('802982')/cust_unionRepOfcust_ProgressiveDisciplinaryActionNav"
            }
          },
          "externalCodeOfSkillProfileNav": {
            "__deferred": {
              "uri": "https://apisalesdemo8.successfactors.com:443/odata/v2/User('802982')/externalCodeOfSkillProfileNav"
            }
          },
          "usersSysIdOfSecondaryAssignmentsItemNav": {
            "__deferred": {
              "uri": "https://apisalesdemo8.successfactors.com:443/odata/v2/User('802982')/usersSysIdOfSecondaryAssignmentsItemNav"
            }
          },
          "decentralTrainerUserIdOfDepartmentApprenticeDetailNav": {
            "__deferred": {
              "uri": "https://apisalesdemo8.successfactors.com:443/odata/v2/User('802982')/decentralTrainerUserIdOfDepartmentApprenticeDetailNav"
            }
          },
          "directReports": {
            "__deferred": {
              "uri": "https://apisalesdemo8.successfactors.com:443/odata/v2/User('802982')/directReports"
            }
          },
          "userIdOfOnboardingCandidateInfoNav": {
            "__deferred": {
              "uri": "https://apisalesdemo8.successfactors.com:443/odata/v2/User('802982')/userIdOfOnboardingCandidateInfoNav"
            }
          },
          "benchStrengthNav": {
            "__deferred": {
              "uri": "https://apisalesdemo8.successfactors.com:443/odata/v2/User('802982')/benchStrengthNav"
            }
          },
          "userSysIdOfWorkOrderNav": {
            "__deferred": {
              "uri": "https://apisalesdemo8.successfactors.com:443/odata/v2/User('802982')/userSysIdOfWorkOrderNav"
            }
          },
          "participantUserId1OfOnboardingMeetingEventNav": {
            "__deferred": {
              "uri": "https://apisalesdemo8.successfactors.com:443/odata/v2/User('802982')/participantUserId1OfOnboardingMeetingEventNav"
            }
          },
          "externalCodeOfcust_CommutingAllowanceNav": {
            "__deferred": {
              "uri": "https://apisalesdemo8.successfactors.com:443/odata/v2/User('802982')/externalCodeOfcust_CommutingAllowanceNav"
            }
          },
          "usersSysIdOfEmpCostDistributionNav": {
            "__deferred": {
              "uri": "https://apisalesdemo8.successfactors.com:443/odata/v2/User('802982')/usersSysIdOfEmpCostDistributionNav"
            }
          },
          "userIdOfEmployeeTimeNav": {
            "__deferred": {
              "uri": "https://apisalesdemo8.successfactors.com:443/odata/v2/User('802982')/userIdOfEmployeeTimeNav"
            }
          },
          "headOfUnitOfFODepartmentNav": {
            "__deferred": {
              "uri": "https://apisalesdemo8.successfactors.com:443/odata/v2/User('802982')/headOfUnitOfFODepartmentNav"
            }
          },
          "empInfo": {
            "__metadata": {
              "uri": "https://apisalesdemo8.successfactors.com:443/odata/v2/EmpEmployment(personIdExternal='802982',userId='802982')",
              "type": "SFOData.EmpEmployment"
            },
            "personIdExternal": "802982",
            "userId": "802982",
            "startDate": "/Date(1262304000000)/",
            "eligibleForStock": false,
            "initialOptionGrant": null,
            "payrollEndDate": null,
            "serviceDate": "/Date(1262304000000)/",
            "professionalServiceDate": "/Date(1262304000000)/",
            "okToRehire": null,
            "regretTermination": null,
            "endDate": null,
            "lastModifiedDateTime": "/Date(1495464445000+0000)/",
            "eligibleForSalContinuation": null,
            "benefitsEligibilityStartDate": "/Date(1262304000000)/",
            "StockEndDate": null,
            "assignmentClass": "ST",
            "isContingentWorker": false,
            "lastDateWorked": null,
            "salaryEndDate": null,
            "isECRecord": true,
            "employeeFirstEmployment": null,
            "originalStartDate": "/Date(1262304000000)/",
            "benefitsEndDate": null,
            "lastModifiedOn": "/Date(1495450045000)/",
            "initialStockGrant": null,
            "bonusPayExpirationDate": null,
            "createdOn": "/Date(1420749084000)/",
            "createdBy": "admindlr",
            "firstDateWorked": "/Date(1262304000000)/",
            "lastModifiedBy": "admindlr",
            "createdDateTime": "/Date(1420767084000+0000)/",
            "prevEmployeeId": null,
            "seniorityDate": "/Date(1262304000000)/",
            "empPayCompNonRecurringNav": {
              "__deferred": {
                "uri": "https://apisalesdemo8.successfactors.com:443/odata/v2/EmpEmployment(personIdExternal='802982',userId='802982')/empPayCompNonRecurringNav"
              }
            },
            "compInfoNav": {
              "__deferred": {
                "uri": "https://apisalesdemo8.successfactors.com:443/odata/v2/EmpEmployment(personIdExternal='802982',userId='802982')/compInfoNav"
              }
            },
            "personNav": {
              "__deferred": {
                "uri": "https://apisalesdemo8.successfactors.com:443/odata/v2/EmpEmployment(personIdExternal='802982',userId='802982')/personNav"
              }
            },
            "jobInfoNav": {
              "__deferred": {
                "uri": "https://apisalesdemo8.successfactors.com:443/odata/v2/EmpEmployment(personIdExternal='802982',userId='802982')/jobInfoNav"
              }
            },
            "wfRequestNav": {
              "__deferred": {
                "uri": "https://apisalesdemo8.successfactors.com:443/odata/v2/EmpEmployment(personIdExternal='802982',userId='802982')/wfRequestNav"
              }
            },
            "empJobRelationshipNav": {
              "__deferred": {
                "uri": "https://apisalesdemo8.successfactors.com:443/odata/v2/EmpEmployment(personIdExternal='802982',userId='802982')/empJobRelationshipNav"
              }
            },
            "empGlobalAssignmentNav": {
              "__deferred": {
                "uri": "https://apisalesdemo8.successfactors.com:443/odata/v2/EmpEmployment(personIdExternal='802982',userId='802982')/empGlobalAssignmentNav"
              }
            },
            "userNav": {
              "__deferred": {
                "uri": "https://apisalesdemo8.successfactors.com:443/odata/v2/EmpEmployment(personIdExternal='802982',userId='802982')/userNav"
              }
            },
            "empWorkPermitNav": {
              "__deferred": {
                "uri": "https://apisalesdemo8.successfactors.com:443/odata/v2/EmpEmployment(personIdExternal='802982',userId='802982')/empWorkPermitNav"
              }
            },
            "paymentInformationNav": {
              "results": [
                {
                  "__metadata": {
                    "uri": "https://apisalesdemo8.successfactors.com:443/odata/v2/PaymentInformationV3(effectiveStartDate=datetime'2015-01-21T00:00:00',worker='802982')",
                    "type": "SFOData.PaymentInformationV3"
                  },
                  "effectiveStartDate": "/Date(1421798400000)/",
                  "worker": "802982",
                  "mdfSystemObjectType": "PaymentInformationV3",
                  "mdfSystemVersionId": null,
                  "jobCountry": "USA",
                  "lastModifiedDateTime": "/Date(1441808402000+0000)/",
                  "mdfSystemTransactionSequence": "1",
                  "effectiveEndDate": "/Date(253402214400000)/",
                  "mdfSystemRecordId": "06761E1B86014CFFA4562CA78DF0CA71",
                  "createdBy": "sfadmin",
                  "mdfSystemEntityId": "46CCD6C58D864DBF82B077570219D403",
                  "createdDateTime": "/Date(1431719769000+0000)/",
                  "lastModifiedBy": "sfadmin",
                  "mdfSystemStatus": "A",
                  "lastModifiedDate": "/Date(1441794002000)/",
                  "lastModifiedDateWithTZ": "/Date(1441808402000+0000)/",
                  "createdDate": "/Date(1431705369000)/",
                  "mdfSystemRecordStatus": "N",
                  "wfRequestNav": {
                    "__deferred": {
                      "uri": "https://apisalesdemo8.successfactors.com:443/odata/v2/PaymentInformationV3(effectiveStartDate=datetime'2015-01-21T00:00:00',worker='802982')/wfRequestNav"
                    }
                  },
                  "mdfSystemRecordStatusNav": {
                    "__deferred": {
                      "uri": "https://apisalesdemo8.successfactors.com:443/odata/v2/PaymentInformationV3(effectiveStartDate=datetime'2015-01-21T00:00:00',worker='802982')/mdfSystemRecordStatusNav"
                    }
                  },
                  "workerNav": {
                    "__deferred": {
                      "uri": "https://apisalesdemo8.successfactors.com:443/odata/v2/PaymentInformationV3(effectiveStartDate=datetime'2015-01-21T00:00:00',worker='802982')/workerNav"
                    }
                  },
                  "jobCountryNav": {
                    "__deferred": {
                      "uri": "https://apisalesdemo8.successfactors.com:443/odata/v2/PaymentInformationV3(effectiveStartDate=datetime'2015-01-21T00:00:00',worker='802982')/jobCountryNav"
                    }
                  },
                  "toPaymentInformationDetailV3": {
                    "results": [
                      {
                        "__metadata": {
                          "uri": "https://apisalesdemo8.successfactors.com:443/odata/v2/PaymentInformationDetailV3(PaymentInformationV3_effectiveStartDate=datetime'2015-01-21T00:00:00',PaymentInformationV3_worker='802982',externalCode=623L)",
                          "type": "SFOData.PaymentInformationDetailV3"
                        },
                        "PaymentInformationV3_effectiveStartDate": "/Date(1421798400000)/",
                        "PaymentInformationV3_worker": "802982",
                        "externalCode": "623",
                        "mdfSystemObjectType": "PaymentInformationDetailV3",
                        "percent": null,
                        "lastModifiedDateTime": "/Date(1441808402000+0000)/",
                        "amount": null,
                        "accountNumber": "5879427",
                        "mdfSystemRecordId": "85ABAB141CE74A0BBBD190A21716888E",
                        "mdfSystemEntityId": "2D84B42FA85142339F3C57D3BB78C598",
                        "mdfSystemStatus": "A",
                        "bank": "942",
                        "paySequence": "1",
                        "createdDate": "/Date(1431705369000)/",
                        "mdfSystemRecordStatus": "N",
                        "createdBy": "sfadmin",
                        "lastModifiedBy": "sfadmin",
                        "createdDateTime": "/Date(1431719769000+0000)/",
                        "mdfSystemEffectiveStartDate": "/Date(-2208988800000)/",
                        "payType": "MAIN",
                        "iban": null,
                        "mdfSystemEffectiveEndDate": "/Date(253402214400000)/",
                        "mdfSystemVersionId": null,
                        "purpose": null,
                        "currency": "USD",
                        "mdfSystemTransactionSequence": "1",
                        "businessIdentifierCode": null,
                        "bankCountry": "USA",
                        "lastModifiedDateWithTZ": "/Date(1441808402000+0000)/",
                        "customPayType": null,
                        "accountOwner": "Savings",
                        "routingNumber": "036001808",
                        "lastModifiedDate": "/Date(1441794002000)/",
                        "paymentMethod": "05",
                        "toPaymentInformationDetailV3JPN": {
                          "__deferred": {
                            "uri": "https://apisalesdemo8.successfactors.com:443/odata/v2/PaymentInformationDetailV3(PaymentInformationV3_effectiveStartDate=datetime'2015-01-21T00:00:00',PaymentInformationV3_worker='802982',externalCode=623L)/toPaymentInformationDetailV3JPN"
                          }
                        },
                        "toPaymentInformationDetailV3ISR": {
                          "__deferred": {
                            "uri": "https://apisalesdemo8.successfactors.com:443/odata/v2/PaymentInformationDetailV3(PaymentInformationV3_effectiveStartDate=datetime'2015-01-21T00:00:00',PaymentInformationV3_worker='802982',externalCode=623L)/toPaymentInformationDetailV3ISR"
                          }
                        },
                        "toPaymentInformationDetailV3COL": {
                          "__deferred": {
                            "uri": "https://apisalesdemo8.successfactors.com:443/odata/v2/PaymentInformationDetailV3(PaymentInformationV3_effectiveStartDate=datetime'2015-01-21T00:00:00',PaymentInformationV3_worker='802982',externalCode=623L)/toPaymentInformationDetailV3COL"
                          }
                        },
                        "toPaymentInformationDetailV3ZAF": {
                          "__deferred": {
                            "uri": "https://apisalesdemo8.successfactors.com:443/odata/v2/PaymentInformationDetailV3(PaymentInformationV3_effectiveStartDate=datetime'2015-01-21T00:00:00',PaymentInformationV3_worker='802982',externalCode=623L)/toPaymentInformationDetailV3ZAF"
                          }
                        },
                        "toPaymentInformationDetailV3GBR": {
                          "__deferred": {
                            "uri": "https://apisalesdemo8.successfactors.com:443/odata/v2/PaymentInformationDetailV3(PaymentInformationV3_effectiveStartDate=datetime'2015-01-21T00:00:00',PaymentInformationV3_worker='802982',externalCode=623L)/toPaymentInformationDetailV3GBR"
                          }
                        },
                        "toPaymentInformationDetailV3NZL": {
                          "__deferred": {
                            "uri": "https://apisalesdemo8.successfactors.com:443/odata/v2/PaymentInformationDetailV3(PaymentInformationV3_effectiveStartDate=datetime'2015-01-21T00:00:00',PaymentInformationV3_worker='802982',externalCode=623L)/toPaymentInformationDetailV3NZL"
                          }
                        },
                        "toPaymentInformationDetailV3ITA": {
                          "__deferred": {
                            "uri": "https://apisalesdemo8.successfactors.com:443/odata/v2/PaymentInformationDetailV3(PaymentInformationV3_effectiveStartDate=datetime'2015-01-21T00:00:00',PaymentInformationV3_worker='802982',externalCode=623L)/toPaymentInformationDetailV3ITA"
                          }
                        },
                        "mdfSystemStatusNav": {
                          "__deferred": {
                            "uri": "https://apisalesdemo8.successfactors.com:443/odata/v2/PaymentInformationDetailV3(PaymentInformationV3_effectiveStartDate=datetime'2015-01-21T00:00:00',PaymentInformationV3_worker='802982',externalCode=623L)/mdfSystemStatusNav"
                          }
                        },
                        "paymentMethodNav": {
                          "__deferred": {
                            "uri": "https://apisalesdemo8.successfactors.com:443/odata/v2/PaymentInformationDetailV3(PaymentInformationV3_effectiveStartDate=datetime'2015-01-21T00:00:00',PaymentInformationV3_worker='802982',externalCode=623L)/paymentMethodNav"
                          }
                        },
                        "toPaymentInformationDetailV3ECU": {
                          "__deferred": {
                            "uri": "https://apisalesdemo8.successfactors.com:443/odata/v2/PaymentInformationDetailV3(PaymentInformationV3_effectiveStartDate=datetime'2015-01-21T00:00:00',PaymentInformationV3_worker='802982',externalCode=623L)/toPaymentInformationDetailV3ECU"
                          }
                        },
                        "toPaymentInformationDetailV3USA": {
                          "__deferred": {
                            "uri": "https://apisalesdemo8.successfactors.com:443/odata/v2/PaymentInformationDetailV3(PaymentInformationV3_effectiveStartDate=datetime'2015-01-21T00:00:00',PaymentInformationV3_worker='802982',externalCode=623L)/toPaymentInformationDetailV3USA"
                          }
                        },
                        "toPaymentInformationDetailV3VEN": {
                          "__deferred": {
                            "uri": "https://apisalesdemo8.successfactors.com:443/odata/v2/PaymentInformationDetailV3(PaymentInformationV3_effectiveStartDate=datetime'2015-01-21T00:00:00',PaymentInformationV3_worker='802982',externalCode=623L)/toPaymentInformationDetailV3VEN"
                          }
                        },
                        "toPaymentInformationDetailV3CHL": {
                          "__deferred": {
                            "uri": "https://apisalesdemo8.successfactors.com:443/odata/v2/PaymentInformationDetailV3(PaymentInformationV3_effectiveStartDate=datetime'2015-01-21T00:00:00',PaymentInformationV3_worker='802982',externalCode=623L)/toPaymentInformationDetailV3CHL"
                          }
                        },
                        "currencyNav": {
                          "__deferred": {
                            "uri": "https://apisalesdemo8.successfactors.com:443/odata/v2/PaymentInformationDetailV3(PaymentInformationV3_effectiveStartDate=datetime'2015-01-21T00:00:00',PaymentInformationV3_worker='802982',externalCode=623L)/currencyNav"
                          }
                        },
                        "toPaymentInformationDetailV3FRA": {
                          "__deferred": {
                            "uri": "https://apisalesdemo8.successfactors.com:443/odata/v2/PaymentInformationDetailV3(PaymentInformationV3_effectiveStartDate=datetime'2015-01-21T00:00:00',PaymentInformationV3_worker='802982',externalCode=623L)/toPaymentInformationDetailV3FRA"
                          }
                        },
                        "toPaymentInformationDetailV3NGA": {
                          "__deferred": {
                            "uri": "https://apisalesdemo8.successfactors.com:443/odata/v2/PaymentInformationDetailV3(PaymentInformationV3_effectiveStartDate=datetime'2015-01-21T00:00:00',PaymentInformationV3_worker='802982',externalCode=623L)/toPaymentInformationDetailV3NGA"
                          }
                        },
                        "payTypeNav": {
                          "__deferred": {
                            "uri": "https://apisalesdemo8.successfactors.com:443/odata/v2/PaymentInformationDetailV3(PaymentInformationV3_effectiveStartDate=datetime'2015-01-21T00:00:00',PaymentInformationV3_worker='802982',externalCode=623L)/payTypeNav"
                          }
                        },
                        "bankCountryNav": {
                          "__deferred": {
                            "uri": "https://apisalesdemo8.successfactors.com:443/odata/v2/PaymentInformationDetailV3(PaymentInformationV3_effectiveStartDate=datetime'2015-01-21T00:00:00',PaymentInformationV3_worker='802982',externalCode=623L)/bankCountryNav"
                          }
                        },
                        "bankNav": {
                          "__metadata": {
                            "uri": "https://apisalesdemo8.successfactors.com:443/odata/v2/Bank('942')",
                            "type": "SFOData.Bank"
                          },
                          "externalCode": "942",
                          "street": null,
                          "bankName": "TD Bank",
                          "effectiveStatus": "A",
                          "lastModifiedDateTime": "/Date(1486299883000+0000)/",
                          "routingNumber": "036001808",
                          "city": null,
                          "businessIdentifierCode": null,
                          "postalCode": null,
                          "createdBy": "sfadmin",
                          "bankCountry": "USA",
                          "createdDateTime": "/Date(1441803879000+0000)/",
                          "lastModifiedBy": "v4admin",
                          "mdfSystemRecordStatus": "N",
                          "bankBranch": null,
                          "wfRequestNav": {
                            "__deferred": {
                              "uri": "https://apisalesdemo8.successfactors.com:443/odata/v2/Bank('942')/wfRequestNav"
                            }
                          },
                          "bankCountryNav": {
                            "__deferred": {
                              "uri": "https://apisalesdemo8.successfactors.com:443/odata/v2/Bank('942')/bankCountryNav"
                            }
                          },
                          "effectiveStatusNav": {
                            "__deferred": {
                              "uri": "https://apisalesdemo8.successfactors.com:443/odata/v2/Bank('942')/effectiveStatusNav"
                            }
                          },
                          "mdfSystemRecordStatusNav": {
                            "__deferred": {
                              "uri": "https://apisalesdemo8.successfactors.com:443/odata/v2/Bank('942')/mdfSystemRecordStatusNav"
                            }
                          }
                        },
                        "toPaymentInformationDetailV3ESP": {
                          "__deferred": {
                            "uri": "https://apisalesdemo8.successfactors.com:443/odata/v2/PaymentInformationDetailV3(PaymentInformationV3_effectiveStartDate=datetime'2015-01-21T00:00:00',PaymentInformationV3_worker='802982',externalCode=623L)/toPaymentInformationDetailV3ESP"
                          }
                        },
                        "mdfSystemRecordStatusNav": {
                          "__deferred": {
                            "uri": "https://apisalesdemo8.successfactors.com:443/odata/v2/PaymentInformationDetailV3(PaymentInformationV3_effectiveStartDate=datetime'2015-01-21T00:00:00',PaymentInformationV3_worker='802982',externalCode=623L)/mdfSystemRecordStatusNav"
                          }
                        },
                        "toPaymentInformationDetailV3ARG": {
                          "__deferred": {
                            "uri": "https://apisalesdemo8.successfactors.com:443/odata/v2/PaymentInformationDetailV3(PaymentInformationV3_effectiveStartDate=datetime'2015-01-21T00:00:00',PaymentInformationV3_worker='802982',externalCode=623L)/toPaymentInformationDetailV3ARG"
                          }
                        },
                        "toPaymentInformationDetailV3MEX": {
                          "__deferred": {
                            "uri": "https://apisalesdemo8.successfactors.com:443/odata/v2/PaymentInformationDetailV3(PaymentInformationV3_effectiveStartDate=datetime'2015-01-21T00:00:00',PaymentInformationV3_worker='802982',externalCode=623L)/toPaymentInformationDetailV3MEX"
                          }
                        },
                        "toPaymentInformationDetailV3KEN": {
                          "__deferred": {
                            "uri": "https://apisalesdemo8.successfactors.com:443/odata/v2/PaymentInformationDetailV3(PaymentInformationV3_effectiveStartDate=datetime'2015-01-21T00:00:00',PaymentInformationV3_worker='802982',externalCode=623L)/toPaymentInformationDetailV3KEN"
                          }
                        },
                        "toPaymentInformationDetailV3BRA": {
                          "__deferred": {
                            "uri": "https://apisalesdemo8.successfactors.com:443/odata/v2/PaymentInformationDetailV3(PaymentInformationV3_effectiveStartDate=datetime'2015-01-21T00:00:00',PaymentInformationV3_worker='802982',externalCode=623L)/toPaymentInformationDetailV3BRA"
                          }
                        }
                      }
                    ]
                  },
                  "mdfSystemStatusNav": {
                    "__deferred": {
                      "uri": "https://apisalesdemo8.successfactors.com:443/odata/v2/PaymentInformationV3(effectiveStartDate=datetime'2015-01-21T00:00:00',worker='802982')/mdfSystemStatusNav"
                    }
                  }
                }
              ]
            }
          },
          "sysSourceNav": {
            "__deferred": {
              "uri": "https://apisalesdemo8.successfactors.com:443/odata/v2/User('802982')/sysSourceNav"
            }
          },
          "userIdOfTemporaryTimeInformationNav": {
            "__deferred": {
              "uri": "https://apisalesdemo8.successfactors.com:443/odata/v2/User('802982')/userIdOfTemporaryTimeInformationNav"
            }
          },
          "userOfApprenticeNav": {
            "__deferred": {
              "uri": "https://apisalesdemo8.successfactors.com:443/odata/v2/User('802982')/userOfApprenticeNav"
            }
          },
          "cust_unionRep1Ofcust_grievancesNav": {
            "__deferred": {
              "uri": "https://apisalesdemo8.successfactors.com:443/odata/v2/User('802982')/cust_unionRep1Ofcust_grievancesNav"
            }
          },
          "workerOfPaymentInformationV3Nav": {
            "__deferred": {
              "uri": "https://apisalesdemo8.successfactors.com:443/odata/v2/User('802982')/workerOfPaymentInformationV3Nav"
            }
          },
          "customManager": {
            "__deferred": {
              "uri": "https://apisalesdemo8.successfactors.com:443/odata/v2/User('802982')/customManager"
            }
          },
          "reloWillingNav": {
            "__deferred": {
              "uri": "https://apisalesdemo8.successfactors.com:443/odata/v2/User('802982')/reloWillingNav"
            }
          },
          "cust_mngrRep1Ofcust_grievancesNav": {
            "__deferred": {
              "uri": "https://apisalesdemo8.successfactors.com:443/odata/v2/User('802982')/cust_mngrRep1Ofcust_grievancesNav"
            }
          },
          "externalCodeOfcust_ProgressiveDisciplinaryActionNav": {
            "__deferred": {
              "uri": "https://apisalesdemo8.successfactors.com:443/odata/v2/User('802982')/externalCodeOfcust_ProgressiveDisciplinaryActionNav"
            }
          },
          "requesterIdOfSupporterFeedbackNav": {
            "__deferred": {
              "uri": "https://apisalesdemo8.successfactors.com:443/odata/v2/User('802982')/requesterIdOfSupporterFeedbackNav"
            }
          },
          "contactEmployeeIdOfBenefitContactNav": {
            "__deferred": {
              "uri": "https://apisalesdemo8.successfactors.com:443/odata/v2/User('802982')/contactEmployeeIdOfBenefitContactNav"
            }
          },
          "matrixManager": {
            "__deferred": {
              "uri": "https://apisalesdemo8.successfactors.com:443/odata/v2/User('802982')/matrixManager"
            }
          },
          "userIdOfSpotAwardBudgetNav": {
            "__deferred": {
              "uri": "https://apisalesdemo8.successfactors.com:443/odata/v2/User('802982')/userIdOfSpotAwardBudgetNav"
            }
          },
          "externalCodeOfcust_auth_signNav": {
            "__deferred": {
              "uri": "https://apisalesdemo8.successfactors.com:443/odata/v2/User('802982')/externalCodeOfcust_auth_signNav"
            }
          },
          "workerIdOfBenefitEmployeeClaimNav": {
            "__deferred": {
              "uri": "https://apisalesdemo8.successfactors.com:443/odata/v2/User('802982')/workerIdOfBenefitEmployeeClaimNav"
            }
          },
          "externalCodeOfcust_voluntarySeparationRequestNav": {
            "__deferred": {
              "uri": "https://apisalesdemo8.successfactors.com:443/odata/v2/User('802982')/externalCodeOfcust_voluntarySeparationRequestNav"
            }
          },
          "assignedAddSupervisorOfApprenticeNav": {
            "__deferred": {
              "uri": "https://apisalesdemo8.successfactors.com:443/odata/v2/User('802982')/assignedAddSupervisorOfApprenticeNav"
            }
          },
          "userIdOfEmployeeTimeSheetNav": {
            "__deferred": {
              "uri": "https://apisalesdemo8.successfactors.com:443/odata/v2/User('802982')/userIdOfEmployeeTimeSheetNav"
            }
          },
          "manager": {
            "__deferred": {
              "uri": "https://apisalesdemo8.successfactors.com:443/odata/v2/User('802982')/manager"
            }
          },
          "delegateeOfAutoDelegateDetailNav": {
            "__deferred": {
              "uri": "https://apisalesdemo8.successfactors.com:443/odata/v2/User('802982')/delegateeOfAutoDelegateDetailNav"
            }
          },
          "externalCodeOfcust_grievancesNav": {
            "__deferred": {
              "uri": "https://apisalesdemo8.successfactors.com:443/odata/v2/User('802982')/externalCodeOfcust_grievancesNav"
            }
          },
          "userIdOfSpotAwardNav": {
            "__deferred": {
              "uri": "https://apisalesdemo8.successfactors.com:443/odata/v2/User('802982')/userIdOfSpotAwardNav"
            }
          },
          "cust_unionRep2Ofcust_grievancesNav": {
            "__deferred": {
              "uri": "https://apisalesdemo8.successfactors.com:443/odata/v2/User('802982')/cust_unionRep2Ofcust_grievancesNav"
            }
          },
          "headOfUnitOfFOBusinessUnitNav": {
            "__deferred": {
              "uri": "https://apisalesdemo8.successfactors.com:443/odata/v2/User('802982')/headOfUnitOfFOBusinessUnitNav"
            }
          },
          "userIdOfEmployeePayrollRunResultsNav_1": {
            "__deferred": {
              "uri": "https://apisalesdemo8.successfactors.com:443/odata/v2/User('802982')/userIdOfEmployeePayrollRunResultsNav_1"
            }
          },
          "userSysIdOfAdvancesAccumulationNav": {
            "__deferred": {
              "uri": "https://apisalesdemo8.successfactors.com:443/odata/v2/User('802982')/userSysIdOfAdvancesAccumulationNav"
            }
          },
          "hrReports": {
            "__deferred": {
              "uri": "https://apisalesdemo8.successfactors.com:443/odata/v2/User('802982')/hrReports"
            }
          },
          "userIdOfTimeAccountNav": {
            "__deferred": {
              "uri": "https://apisalesdemo8.successfactors.com:443/odata/v2/User('802982')/userIdOfTimeAccountNav"
            }
          },
          "participantUserId3OfOnboardingMeetingEventNav": {
            "__deferred": {
              "uri": "https://apisalesdemo8.successfactors.com:443/odata/v2/User('802982')/participantUserId3OfOnboardingMeetingEventNav"
            }
          },
          "ethnicityNav": {
            "__deferred": {
              "uri": "https://apisalesdemo8.successfactors.com:443/odata/v2/User('802982')/ethnicityNav"
            }
          },
          "userSysIdOfItDeclarationNav": {
            "__deferred": {
              "uri": "https://apisalesdemo8.successfactors.com:443/odata/v2/User('802982')/userSysIdOfItDeclarationNav"
            }
          },
          "managerIdOfOnboardingCandidateInfoNav": {
            "__deferred": {
              "uri": "https://apisalesdemo8.successfactors.com:443/odata/v2/User('802982')/managerIdOfOnboardingCandidateInfoNav"
            }
          },
          "workerIdOfBenefitEnrollmentNav": {
            "__deferred": {
              "uri": "https://apisalesdemo8.successfactors.com:443/odata/v2/User('802982')/workerIdOfBenefitEnrollmentNav"
            }
          },
          "workerIdOfBenefitEnrollmentGroupNav": {
            "__deferred": {
              "uri": "https://apisalesdemo8.successfactors.com:443/odata/v2/User('802982')/workerIdOfBenefitEnrollmentGroupNav"
            }
          },
          "auditUserSysIdOfOneTimeDeductionNav": {
            "__deferred": {
              "uri": "https://apisalesdemo8.successfactors.com:443/odata/v2/User('802982')/auditUserSysIdOfOneTimeDeductionNav"
            }
          },
          "nominationNav": {
            "__deferred": {
              "uri": "https://apisalesdemo8.successfactors.com:443/odata/v2/User('802982')/nominationNav"
            }
          },
          "delegatorOfAutoDelegateConfigNav": {
            "__deferred": {
              "uri": "https://apisalesdemo8.successfactors.com:443/odata/v2/User('802982')/delegatorOfAutoDelegateConfigNav"
            }
          },
          "participantUserId2OfOnboardingMeetingEventNav": {
            "__deferred": {
              "uri": "https://apisalesdemo8.successfactors.com:443/odata/v2/User('802982')/participantUserId2OfOnboardingMeetingEventNav"
            }
          },
          "userIdOfAccrualCalculationBaseNav": {
            "__deferred": {
              "uri": "https://apisalesdemo8.successfactors.com:443/odata/v2/User('802982')/userIdOfAccrualCalculationBaseNav"
            }
          },
          "usersSysIdOfEmployeeDataReplicationConfirmationNav": {
            "__deferred": {
              "uri": "https://apisalesdemo8.successfactors.com:443/odata/v2/User('802982')/usersSysIdOfEmployeeDataReplicationConfirmationNav"
            }
          },
          "userIdOfDataReplicationProxyNav": {
            "__deferred": {
              "uri": "https://apisalesdemo8.successfactors.com:443/odata/v2/User('802982')/userIdOfDataReplicationProxyNav"
            }
          },
          "workerIdOfBenefitClaimAccumulationNav": {
            "__deferred": {
              "uri": "https://apisalesdemo8.successfactors.com:443/odata/v2/User('802982')/workerIdOfBenefitClaimAccumulationNav"
            }
          },
          "budgetHolderIdOfSpotAwardNav": {
            "__deferred": {
              "uri": "https://apisalesdemo8.successfactors.com:443/odata/v2/User('802982')/budgetHolderIdOfSpotAwardNav"
            }
          },
          "userIdOfBudgetGroupNav": {
            "__deferred": {
              "uri": "https://apisalesdemo8.successfactors.com:443/odata/v2/User('802982')/userIdOfBudgetGroupNav"
            }
          },
          "reasonForLeavingNav": {
            "__deferred": {
              "uri": "https://apisalesdemo8.successfactors.com:443/odata/v2/User('802982')/reasonForLeavingNav"
            }
          },
          "riskOfLossNav": {
            "__deferred": {
              "uri": "https://apisalesdemo8.successfactors.com:443/odata/v2/User('802982')/riskOfLossNav"
            }
          },
          "customReports": {
            "__deferred": {
              "uri": "https://apisalesdemo8.successfactors.com:443/odata/v2/User('802982')/customReports"
            }
          },
          "participantUserId4OfOnboardingMeetingEventNav": {
            "__deferred": {
              "uri": "https://apisalesdemo8.successfactors.com:443/odata/v2/User('802982')/participantUserId4OfOnboardingMeetingEventNav"
            }
          },
          "secondManager": {
            "__deferred": {
              "uri": "https://apisalesdemo8.successfactors.com:443/odata/v2/User('802982')/secondManager"
            }
          },
          "userIdOfExternalTimeRecordNav": {
            "__deferred": {
              "uri": "https://apisalesdemo8.successfactors.com:443/odata/v2/User('802982')/userIdOfExternalTimeRecordNav"
            }
          },
          "ownerOfTalentPoolNav": {
            "__deferred": {
              "uri": "https://apisalesdemo8.successfactors.com:443/odata/v2/User('802982')/ownerOfTalentPoolNav"
            }
          },
          "userSysIdOfNonRecurringPaymentNav": {
            "__deferred": {
              "uri": "https://apisalesdemo8.successfactors.com:443/odata/v2/User('802982')/userSysIdOfNonRecurringPaymentNav"
            }
          },
          "hrManagerIdOfOnboardingCandidateInfoNav": {
            "__deferred": {
              "uri": "https://apisalesdemo8.successfactors.com:443/odata/v2/User('802982')/hrManagerIdOfOnboardingCandidateInfoNav"
            }
          },
          "personKeyNav": {
            "__deferred": {
              "uri": "https://apisalesdemo8.successfactors.com:443/odata/v2/User('802982')/personKeyNav"
            }
          },
          "workerIdOfBenefitsExceptionNav": {
            "__deferred": {
              "uri": "https://apisalesdemo8.successfactors.com:443/odata/v2/User('802982')/workerIdOfBenefitsExceptionNav"
            }
          },
          "workOrderOwnerIdOfWorkOrderNav": {
            "__deferred": {
              "uri": "https://apisalesdemo8.successfactors.com:443/odata/v2/User('802982')/workOrderOwnerIdOfWorkOrderNav"
            }
          },
          "salutationNav": {
            "__deferred": {
              "uri": "https://apisalesdemo8.successfactors.com:443/odata/v2/User('802982')/salutationNav"
            }
          },
          "nominatorIdOfSpotAwardNav": {
            "__deferred": {
              "uri": "https://apisalesdemo8.successfactors.com:443/odata/v2/User('802982')/nominatorIdOfSpotAwardNav"
            }
          },
          "headOfUnitOfFODivisionNav": {
            "__deferred": {
              "uri": "https://apisalesdemo8.successfactors.com:443/odata/v2/User('802982')/headOfUnitOfFODivisionNav"
            }
          },
          "cust_heardGrievanceOfcust_grievancesNav": {
            "__deferred": {
              "uri": "https://apisalesdemo8.successfactors.com:443/odata/v2/User('802982')/cust_heardGrievanceOfcust_grievancesNav"
            }
          },
          "userPermissionsNav": {
            "__deferred": {
              "uri": "https://apisalesdemo8.successfactors.com:443/odata/v2/User('802982')/userPermissionsNav"
            }
          },
          "impactOfLossNav": {
            "__deferred": {
              "uri": "https://apisalesdemo8.successfactors.com:443/odata/v2/User('802982')/impactOfLossNav"
            }
          },
          "approverOfAdvanceNav": {
            "__deferred": {
              "uri": "https://apisalesdemo8.successfactors.com:443/odata/v2/User('802982')/approverOfAdvanceNav"
            }
          },
          "hr": {
            "__deferred": {
              "uri": "https://apisalesdemo8.successfactors.com:443/odata/v2/User('802982')/hr"
            }
          },
          "cust_mngrRep2Ofcust_grievancesNav": {
            "__deferred": {
              "uri": "https://apisalesdemo8.successfactors.com:443/odata/v2/User('802982')/cust_mngrRep2Ofcust_grievancesNav"
            }
          },
          "secondReports": {
            "__deferred": {
              "uri": "https://apisalesdemo8.successfactors.com:443/odata/v2/User('802982')/secondReports"
            }
          },
          "recipientIdOfSupporterFeedbackNav": {
            "__deferred": {
              "uri": "https://apisalesdemo8.successfactors.com:443/odata/v2/User('802982')/recipientIdOfSupporterFeedbackNav"
            }
          },
          "userIdOfPositionRightToReturnNav": {
            "__deferred": {
              "uri": "https://apisalesdemo8.successfactors.com:443/odata/v2/User('802982')/userIdOfPositionRightToReturnNav"
            }
          },
          "incumbentOfPositionNav": {
            "__deferred": {
              "uri": "https://apisalesdemo8.successfactors.com:443/odata/v2/User('802982')/incumbentOfPositionNav"
            }
          },
          "costCenterManagerOfFOCostCenterNav": {
            "__deferred": {
              "uri": "https://apisalesdemo8.successfactors.com:443/odata/v2/User('802982')/costCenterManagerOfFOCostCenterNav"
            }
          },
          "userIdOfWorkScheduleNav": {
            "__deferred": {
              "uri": "https://apisalesdemo8.successfactors.com:443/odata/v2/User('802982')/userIdOfWorkScheduleNav"
            }
          },
          "workerIdOfBenefitProgramEnrollmentNav": {
            "__deferred": {
              "uri": "https://apisalesdemo8.successfactors.com:443/odata/v2/User('802982')/workerIdOfBenefitProgramEnrollmentNav"
            }
          },
          "userIdOfEmployeePayrollRunResultsNav": {
            "__deferred": {
              "uri": "https://apisalesdemo8.successfactors.com:443/odata/v2/User('802982')/userIdOfEmployeePayrollRunResultsNav"
            }
          }
        },
        "mdfSystemStatusNav": {
          "__deferred": {
            "uri": "https://apisalesdemo8.successfactors.com:443/odata/v2/EmployeePayrollRunResults(externalCode='SAP_EC_PAYROLL_3000_1216201612312016_77_77',mdfSystemEffectiveStartDate=datetime'2016-12-31T00:00:00')/mdfSystemStatusNav"
          }
        }
      }
    ]
  }
}